{
	"name": "treelistfilter",
	"version": "1.0.0",
	"title": "Tree List Filter",
	"author": { 
		"name": "Cam Hoang",
		"email": "hnvcam@gmail.com",
		"url": "http://wiki.aiwsolutions.net"
	},
	"licenses": [
		{
			"type": "GPLv2",
			"url": "http://www.example.com/licenses/gpl.html"
		}
	],
	"dependencies": { 
		"jquery": "1.x" 
	},
	"description": "Simple jQuery plugin support filtering on hirerarchy tree created by unordered list or ordered list.",
	"keywords": [
		"tree", 
		"list",
		"filter"
	],
	"homepage": "http://wiki.aiwsolutions.net/dOQKO",
	"docs": "http://wiki.aiwsolutions.net/dOQKO",
	"demo": "http://wiki.aiwsolutions.net/dOQKO",
	"download": "https://github.com/hnvcam/treelistfilter"	
}